company_name,website,industry,summary_from_llm,automation_pitch_from_llm
OpenAI,https://www.openai.com,Software,"Based solely on the website text ""Enable JavaScript and cookies to continue,"" we can infer very little about the company itself.  The text only indicates a technical requirement for accessing their website.  Therefore, the answers below are highly speculative and based on common website practices:


1. **What does this company do?**  We don't know.  The text suggests they have a website that relies on JavaScript and cookies for functionality. This is a very broad statement applicable to almost any website.  They could be selling anything from physical products to software to services. It's impossible to tell without more information.


2. **Who are their target customers?** Again, impossible to say definitively.  The requirement for JavaScript and cookies suggests a fairly standard website, so the target customer base could be incredibly broad – anyone with a web browser.  A more specific answer requires more information about their actual business.


3. **Suggest one AI automation solution QF Innovate could pitch to them.**  Given the lack of information, the best AI solution to pitch would be one that's broadly applicable and helps improve website performance and user experience.  This could be:

    * **AI-powered website personalization and optimization:** This solution would analyze user behavior data (gathered through those very cookies!) to personalize the website experience.  This could include:
        * Recommending relevant products or content.
        * Optimizing website layout and design for improved conversion rates.
        * Identifying and fixing website performance bottlenecks that might be impacting JavaScript/cookie functionality.

    The pitch would focus on how this AI solution could improve their website's efficiency, increase conversions, and enhance the overall user experience – all without needing to know the specifics of their business.  QF Innovate would need to conduct further research to tailor the pitch to a specific area of improvement, however.
",Refer to the summary above
DeepMind,https://www.deepmind.com,Software,"Here's a breakdown of the provided text, answering your questions:

**1. What does this company do?**

Google DeepMind develops and researches cutting-edge artificial intelligence (AI) systems.  Their work spans several areas:

* **Building and deploying large language models (LLMs):**  They create powerful AI models like Gemini, for various applications.
* **Generative AI:**  They develop models capable of generating images, music, and video.
* **AI research and breakthroughs:**  They conduct fundamental research in AI, pushing the boundaries of what's possible, across fields like biology, climate science, mathematics, and physics.
* **AI for social good:** They apply AI to address challenges in areas like biology (protein folding with AlphaFold), climate change, and scientific discovery.
* **Responsible AI development:** They emphasize building AI responsibly and addressing safety concerns.


**2. Who are their target customers?**

Google DeepMind's target customers are diverse and can be categorized as:

* **Developers and businesses:** Companies and developers who want to integrate their powerful AI models (like Gemini) into their products and services. This could range from large tech firms to startups.
* **Researchers:**  Academics and researchers in various fields who need access to advanced AI tools and datasets for their work.
* **Scientists:** Researchers in biology, climate science, and other fields leveraging DeepMind's AI solutions for scientific discovery.
* **The general public (indirectly):**  While not direct customers in the same way as developers, the public benefits indirectly through the applications of DeepMind's AI in various products and services.


**3. Suggest one AI automation solution QF Innovate could pitch to Google DeepMind.**

Considering Google DeepMind's focus on large-scale AI model development and research, QF Innovate could pitch an **AI-powered solution for automated model evaluation and benchmarking.**

**The Pitch:**

""Google DeepMind develops numerous complex AI models.  Evaluating their performance across various metrics and benchmarks is a time-consuming and resource-intensive process.  QF Innovate's AI-powered solution automates this process. Our system can:

* **Automate the selection of appropriate benchmarks:**  Based on the model's architecture and intended use, it identifies the most relevant tests.
* **Orchestrate parallel testing:**  It distributes testing tasks across a cluster, significantly reducing evaluation time.
* **Analyze results and generate comprehensive reports:**  It provides detailed insights into model strengths and weaknesses, aiding in model improvement.
* **Track performance over time:**  Monitoring model performance over multiple iterations allows for identification of performance degradation or unexpected behavior.

This automation will free up valuable researcher time, allowing your teams to focus on model development and innovation, rather than manual testing and analysis.  It will also improve the efficiency and thoroughness of your model evaluation process, leading to higher-quality AI models.""


This solution directly addresses a likely bottleneck in Google DeepMind's workflow—the evaluation of their vast and complex models—and offers a tangible improvement in efficiency and resource allocation.
",Refer to the summary above
Zoho,https://www.zoho.com,Software,"Here's a breakdown of the provided text, answering your questions:

1. **What does this company do?**

Zoho provides a comprehensive cloud-based software suite for businesses of all sizes.  Their offerings range from CRM and email services to accounting, HR management, and helpdesk software.  They emphasize their all-in-one platform, Zoho One, which aims to integrate various business functions into a single, unified system.  The core of their business is providing integrated software solutions to streamline business operations.

2. **Who are their target customers?**

Zoho explicitly targets businesses of all sizes, from startups to large enterprises.  The testimonials included represent a diverse range of company sizes and industries, supporting this claim.

3. **Suggest one AI automation solution QF Innovate could pitch to Zoho.**

Zoho already offers a wide range of features, but QF Innovate could pitch an **AI-powered predictive analytics engine integrated directly into the Zoho One platform.**  This would offer several key benefits:

* **Enhanced CRM capabilities:**  Predictive analytics could analyze CRM data to identify high-potential leads, predict customer churn, and personalize marketing campaigns for improved conversion rates.
* **Improved Sales Forecasting:**  AI could analyze sales data to provide more accurate sales forecasts, helping businesses better manage inventory and resource allocation.
* **Automated Workflow Optimization:**  By analyzing usage patterns within Zoho One, AI could suggest workflow improvements and automation opportunities, leading to increased efficiency and reduced operational costs.
* **Intelligent Customer Support:** AI-powered chatbots could handle routine customer support inquiries, freeing up human agents to focus on more complex issues, leading to improved customer satisfaction and reduced support costs.


The key selling point would be the seamless integration with the existing Zoho One ecosystem.  This avoids the need for Zoho to adopt a completely new, separate system, making implementation easier and more appealing.  The focus would be on leveraging AI to enhance the value and functionality of Zoho's existing offerings.
",Refer to the summary above
Freshworks,https://www.freshworks.com,Software,"Based on the provided error message, we can infer some information about the company, but not definitively determine their exact business.

1. **What does this company do?**

The error message indicates the company uses Amazon CloudFront, a content delivery network (CDN).  CloudFront is used to distribute content (like websites, videos, or applications) to users globally with improved performance and speed.  Therefore, the company likely provides some sort of online service or content to its customers. The exact nature of this service—e.g.,  e-commerce, streaming, SaaS—is unknown.


2. **Who are their target customers?**

Their target customers are the end-users of their online service or content. The error message also suggests they might have *other* customers who are content providers leveraging CloudFront.  This points to a two-sided customer base:

* **End-users:** Individuals or businesses who consume the content/service offered by the company.
* **Content providers (if applicable):** Businesses or organizations who rely on the company's infrastructure (possibly a reseller model) to deliver their own content.


3. **Suggest one AI automation solution QF Innovate could pitch to them.**

Given the error message points to potential issues with high traffic or configuration errors, an AI-powered solution focused on **predictive scaling and automated error detection/resolution** would be ideal.

**AI-powered Predictive Scaling and Automated Remediation:**

QF Innovate could pitch a solution that leverages machine learning to:

* **Predict traffic spikes:** Analyze historical traffic patterns, user behavior, and external factors (e.g., social media trends, news events) to predict future traffic surges. This allows for proactive scaling of CloudFront resources, preventing 403 errors due to overload.
* **Automatically adjust resources:** Based on predictions, the AI would automatically scale CloudFront resources (compute, bandwidth) up or down to optimally handle traffic, minimizing costs while ensuring consistent performance.
* **Detect and diagnose errors:**  The system would analyze error logs (like the provided CloudFront Request ID) in real-time, identify root causes of errors (e.g., misconfigurations, security breaches), and automatically implement corrective actions where possible.  It could also send prioritized alerts to the appropriate teams for manual intervention if needed.
* **Improve security:** AI could be used to detect and mitigate denial-of-service (DoS) attacks that can cause these types of errors.

This solution would reduce operational costs, improve user experience by minimizing downtime, and enhance the overall reliability of the company's online service.  It directly addresses the issue hinted at in the error message (""too much traffic or a configuration error"").
",Refer to the summary above
